{
    "camera-calibration":{
        "DL":[
            [
                -0.0005951574421487749,
                -0.0005466293077915907,
                0.0,
                0.0,
                0.0018295900663360953
            ]
        ],
        "DR":[
            [
                -0.00023428065469488502,
                -0.0007689339690841734,
                0.0,
                0.0,
                0.0007763953180983663
            ]
        ],
        "KL":[
            [
                1035.30810546875,
                0.0,
                596.9550170898438
            ],
            [
                0.0,
                1035.087646484375,
                520.4100341796875
            ],
            [
                0.0,
                0.0,
                1.0
            ]
        ],
        "KR":[
            [
                1035.1741943359375,
                0.0,
                688.3618774414062
            ],
            [
                0.0,
                1034.97900390625,
                521.07080078125
            ],
            [
                0.0,
                0.0,
                1.0
            ]
        ],
        "R":[
            [
                1.0,
                1.9485649318085052e-05,
                -0.00015232479199767113
            ],
            [
                -1.950531623151619e-05,
                1.0,
                -0.00012911413796246052
            ],
            [
                0.00015232227451633662,
                0.0001291171065531671,
                1.0
            ]
        ],
        "T":[
            [
                -4.14339017868042
            ],
            [
                -0.023819703608751297
            ],
            [
                -0.0019068525871261954
            ]
        ]
    },
    "camera-pose":[
        [
            0.9999076835503714,
            0.013583933609726246,
            -0.000907084821574806,
            -0.11173778570766046
        ],
        [
            -0.013588035989583809,
            0.9998971575496758,
            -0.004622109411645103,
            -0.5978596386527215
        ],
        [
            0.0008442937843840176,
            0.004634230403789199,
            0.9999890839087079,
            3.833235545643447
        ],
        [
            0.0,
            0.0,
            0.0,
            1.0
        ]
    ],
    "timestamp":1558660319710772
}