{
    "camera-calibration":{
        "DL":[
            [
                -0.0005951574421487749,
                -0.0005466293077915907,
                0.0,
                0.0,
                0.0018295900663360953
            ]
        ],
        "DR":[
            [
                -0.00023428065469488502,
                -0.0007689339690841734,
                0.0,
                0.0,
                0.0007763953180983663
            ]
        ],
        "KL":[
            [
                1035.30810546875,
                0.0,
                596.9550170898438
            ],
            [
                0.0,
                1035.087646484375,
                520.4100341796875
            ],
            [
                0.0,
                0.0,
                1.0
            ]
        ],
        "KR":[
            [
                1035.1741943359375,
                0.0,
                688.3618774414062
            ],
            [
                0.0,
                1034.97900390625,
                521.07080078125
            ],
            [
                0.0,
                0.0,
                1.0
            ]
        ],
        "R":[
            [
                1.0,
                1.9485649318085052e-05,
                -0.00015232479199767113
            ],
            [
                -1.950531623151619e-05,
                1.0,
                -0.00012911413796246052
            ],
            [
                0.00015232227451633662,
                0.0001291171065531671,
                1.0
            ]
        ],
        "T":[
            [
                -4.14339017868042
            ],
            [
                -0.023819703608751297
            ],
            [
                -0.0019068525871261954
            ]
        ]
    },
    "camera-pose":[
        [
            0.9999665164943556,
            -0.00815832762758408,
            -0.0007873431938352362,
            -0.10079150806215154
        ],
        [
            0.008155610090892737,
            0.9999610783621735,
            -0.0034616227173929386,
            -0.44301725487321164
        ],
        [
            0.0008155685955220408,
            0.0034550833514002195,
            0.9999940932904564,
            1.2333886550643456
        ],
        [
            0.0,
            0.0,
            0.0,
            1.0
        ]
    ],
    "timestamp":1558660319042395
}